{
  "variants": {
    "axis=x": [
      {	"model": "block/blockstates_random/basalt_1", "x": 90, "y": 90, "weight": 8 },
      {	"model": "block/blockstates_random/basalt_1_mirrored", "x": 90, "y": 90, "weight": 2 },
	{	"model": "block/blockstates_random/basalt_2", "x": 90, "y": 90, "weight": 12 },
	{	"model": "block/blockstates_random/basalt_2_mirrored", "x": 90, "y": 90, "weight": 3 },
	{	"model": "block/blockstates_random/basalt_3", "x": 90, "y": 90, "weight": 8 },
	{	"model": "block/blockstates_random/basalt_3_mirrored", "x": 90, "y": 90, "weight": 2 }
    ],
	
	
    "axis=y": [
      {	"model": "block/blockstates_random/basalt_1", "weight": 8 },
      {	"model": "block/blockstates_random/basalt_1_mirrored", "weight": 2 },
	{	"model": "block/blockstates_random/basalt_2", "weight": 12 },
	{	"model": "block/blockstates_random/basalt_2_mirrored", "weight": 3 },
	{	"model": "block/blockstates_random/basalt_3", "weight": 8 },
	{	"model": "block/blockstates_random/basalt_3_mirrored", "weight": 2 }
    ],
	

    "axis=z": [
      {	"model": "block/blockstates_random/basalt_1", "x": 90, "weight": 8 },
      {	"model": "block/blockstates_random/basalt_1_mirrored", "x": 90, "weight": 2 },
	{	"model": "block/blockstates_random/basalt_2", "x": 90, "weight": 12 },
	{	"model": "block/blockstates_random/basalt_2_mirrored", "x": 90, "weight": 3 },
	{	"model": "block/blockstates_random/basalt_3", "x": 90, "weight": 8 },
	{	"model": "block/blockstates_random/basalt_3_mirrored", "x": 90, "weight": 2 }
    ]
  }
}