{
  "variants": {

    "type=bottom": [
      {				   "model": "minecraft:block/cherry_slab", "weight": 9},      
	{	"model": "minecraft:block/blockstates_random/cherry_slab_1", "weight": 2},      
	{	"model": "minecraft:block/blockstates_random/cherry_slab_2", "weight": 3}

    ],

    "type=double": [
            {                      "model": "block/cherry_planks", "weight": 9},
            { "model": "block/blockstates_random/cherry_planks_1", "weight": 2},
            { "model": "block/blockstates_random/cherry_planks_2", "weight": 3}
    ],

    "type=top": [

      {				   "model": "minecraft:block/cherry_slab_top", "weight": 9},      
	{	"model": "minecraft:block/blockstates_random/cherry_slab_top_1", "weight": 2},      
	{	"model": "minecraft:block/blockstates_random/cherry_slab_top_2", "weight": 3}
    ]

  }
}