{
  "variants": {

        "axis=x": [
            {"model": "block/muddy_mangrove_roots", "x": 90, "y": 90, "weight": 1 },
            { "model": "block/blockstates_random/muddy_mangrove_roots_2", "x": 90, "y": 90,  "weight": 1 }
		],

    "axis=y": [
            {"model": "block/muddy_mangrove_roots", "weight": 1 },
            { "model": "block/blockstates_random/muddy_mangrove_roots_2", "weight": 1 }
		],

    "axis=z": [
            {"model": "block/muddy_mangrove_roots", "x": 90, "weight": 1 },
            { "model": "block/blockstates_random/muddy_mangrove_roots_2", "x": 90,  "weight": 1 }
		]


  }
}