 {
  "variants": {
 
"axis=y":  [
 {                    "model": "block/pale_oak_log", "weight": 28 },
 { "model": "block/blockstates_random/pale_oak_log_1", "weight": 28 },
 { "model": "block/blockstates_random/pale_oak_log_2", "weight": 4 },
 { "model": "block/blockstates_random/pale_oak_log_2b", "weight": 4 },
 { "model": "block/blockstates_random/pale_oak_log_3", "weight": 4 },
 { "model": "block/blockstates_random/pale_oak_log_3b", "weight": 4 },
 { "model": "block/blockstates_random/pale_oak_log_4", "weight": 2 },
 { "model": "block/blockstates_random/pale_oak_log_4b", "weight": 2 },
 { "model": "block/blockstates_random/pale_oak_log_5", "weight": 2 },
 { "model": "block/blockstates_random/pale_oak_log_5b", "weight": 2 },
 { "model": "block/blockstates_random/pale_oak_log_6", "weight": 3 },
 { "model": "block/blockstates_random/pale_oak_log_6b", "weight": 3 }
  ],
 
 "axis=z":  [
 {                    "model": "block/pale_oak_log", "x": 90,  "weight": 28 },
 { "model": "block/blockstates_random/pale_oak_log_1", "x": 90, "weight": 28 },
 { "model": "block/blockstates_random/pale_oak_log_2", "x": 90, "weight": 4 },
 { "model": "block/blockstates_random/pale_oak_log_2b", "x": 90, "weight": 4 },
 { "model": "block/blockstates_random/pale_oak_log_3", "x": 90, "weight": 4 },
 { "model": "block/blockstates_random/pale_oak_log_3b", "x": 90, "weight": 4 },
 { "model": "block/blockstates_random/pale_oak_log_4", "x": 90, "weight": 2 },
 { "model": "block/blockstates_random/pale_oak_log_4b", "x": 90, "weight": 2 },
 { "model": "block/blockstates_random/pale_oak_log_5", "x": 90, "weight": 2 },
 { "model": "block/blockstates_random/pale_oak_log_5b", "x": 90, "weight": 2 },
 { "model": "block/blockstates_random/pale_oak_log_6", "x": 90, "weight": 3 },
 { "model": "block/blockstates_random/pale_oak_log_6b", "x": 90, "weight": 3 }
  ],
 
 "axis=x":  [
 {                    "model": "block/pale_oak_log", "x": 90, "y": 90,  "weight": 28 },
 { "model": "block/blockstates_random/pale_oak_log_1", "x": 90, "y": 90, "weight": 28 },
 { "model": "block/blockstates_random/pale_oak_log_2", "x": 90, "y": 90, "weight": 4 },
 { "model": "block/blockstates_random/pale_oak_log_2b", "x": 90, "y": 90, "weight": 4 },
 { "model": "block/blockstates_random/pale_oak_log_3", "x": 90, "y": 90, "weight": 4 },
 { "model": "block/blockstates_random/pale_oak_log_3b", "x": 90, "y": 90, "weight": 4 },
 { "model": "block/blockstates_random/pale_oak_log_4", "x": 90, "y": 90, "weight": 2 },
 { "model": "block/blockstates_random/pale_oak_log_4b", "x": 90, "y": 90, "weight": 2 },
 { "model": "block/blockstates_random/pale_oak_log_5", "x": 90, "y": 90, "weight": 2 },
 { "model": "block/blockstates_random/pale_oak_log_5b", "x": 90, "y": 90, "weight": 2 },
 { "model": "block/blockstates_random/pale_oak_log_6", "x": 90, "y": 90, "weight": 3 },
 { "model": "block/blockstates_random/pale_oak_log_6b", "x": 90, "y": 90, "weight": 3 }
  ]
 }

 
}

