 {
  "variants": {
 
"axis=y":  [
 {                    "model": "block/pale_oak_wood", "weight": 28 },
 { "model": "block/blockstates_random/pale_oak_wood_1", "weight": 28 },
 { "model": "block/blockstates_random/pale_oak_wood_2", "weight": 4 },
 { "model": "block/blockstates_random/pale_oak_wood_2b", "weight": 4 },
 { "model": "block/blockstates_random/pale_oak_wood_3", "weight": 4 },
 { "model": "block/blockstates_random/pale_oak_wood_3b", "weight": 4 },
 { "model": "block/blockstates_random/pale_oak_wood_4", "weight": 25 },
 { "model": "block/blockstates_random/pale_oak_wood_4b", "weight": 25 },
 { "model": "block/blockstates_random/pale_oak_wood_5", "weight": 25 },
 { "model": "block/blockstates_random/pale_oak_wood_5b", "weight": 25 }
  ],
 
 "axis=z":  [
 {                    "model": "block/pale_oak_wood", "x": 90,  "weight": 28 },
 { "model": "block/blockstates_random/pale_oak_wood_1", "x": 90, "weight": 28 },
 { "model": "block/blockstates_random/pale_oak_wood_2", "x": 90, "weight": 4 },
 { "model": "block/blockstates_random/pale_oak_wood_2b", "x": 90, "weight": 4 },
 { "model": "block/blockstates_random/pale_oak_wood_3", "x": 90, "weight": 4 },
 { "model": "block/blockstates_random/pale_oak_wood_3b", "x": 90, "weight": 4 },
 { "model": "block/blockstates_random/pale_oak_wood_4", "x": 90, "weight": 25 },
 { "model": "block/blockstates_random/pale_oak_wood_4b", "x": 90, "weight": 25 },
 { "model": "block/blockstates_random/pale_oak_wood_5", "x": 90, "weight": 25 },
 { "model": "block/blockstates_random/pale_oak_wood_5b", "x": 90, "weight": 25 }
  ],
 
 "axis=x":  [
 {                    "model": "block/pale_oak_wood", "x": 90, "y": 90,  "weight": 28 },
 { "model": "block/blockstates_random/pale_oak_wood_1", "x": 90, "y": 90, "weight": 28 },
 { "model": "block/blockstates_random/pale_oak_wood_2", "x": 90, "y": 90, "weight": 4 },
 { "model": "block/blockstates_random/pale_oak_wood_2b", "x": 90, "y": 90, "weight": 4 },
 { "model": "block/blockstates_random/pale_oak_wood_3", "x": 90, "y": 90, "weight": 4 },
 { "model": "block/blockstates_random/pale_oak_wood_3b", "x": 90, "y": 90, "weight": 4 },
 { "model": "block/blockstates_random/pale_oak_wood_4", "x": 90, "y": 90, "weight": 25 },
 { "model": "block/blockstates_random/pale_oak_wood_4b", "x": 90, "y": 90, "weight": 25 },
 { "model": "block/blockstates_random/pale_oak_wood_5", "x": 90, "y": 90, "weight": 25 },
 { "model": "block/blockstates_random/pale_oak_wood_5b", "x": 90, "y": 90, "weight": 25 }
  ]
 }

 
}

