{
  "variants": {

    "type=bottom": [
      {				   "model": "minecraft:block/spruce_slab", "weight": 2},      
	{	"model": "minecraft:block/blockstates_random/spruce_slab_1", "weight": 2},       
	{	"model": "minecraft:block/blockstates_random/spruce_slab_2", "weight": 6},      
	{	"model": "minecraft:block/blockstates_random/spruce_slab_3", "weight": 3}

    ],

    "type=double": [
      {					   "model": "minecraft:block/spruce_planks", "weight": 2},      
	{		"model": "minecraft:block/blockstates_random/spruce_planks_1", "weight": 2},      
	{		"model": "minecraft:block/blockstates_random/spruce_planks_2", "weight": 6},      
	{		"model": "minecraft:block/blockstates_random/spruce_planks_3", "weight": 3}
    ],

    "type=top": [
      {				   "model": "minecraft:block/spruce_slab_top", "weight": 2},      
	{	"model": "minecraft:block/blockstates_random/spruce_slab_top_1", "weight": 2},       
	{	"model": "minecraft:block/blockstates_random/spruce_slab_top_2", "weight": 6},      
	{	"model": "minecraft:block/blockstates_random/spruce_slab_top_3", "weight": 3}
    ]

  }
}