{
	"credit": "Made with Blockbench",
	"textures": {
		"particle": "block/pale_hanging_moss",
		"plant": "block/pale_hanging_moss"
	},
	"elements": [
		{
			"from": [8, 0, 0.8],
			"to": [8, 16, 15.2],
			"shade": false,
			"rotation": {"angle": 0, "axis": "y", "origin": [8, 8, 8], "rescale": true},
			"faces": {
				"east": {"uv": [0, 0, 16, 16], "texture": "#plant"},
				"west": {"uv": [0, 0, 16, 16], "texture": "#plant"}
			}
		},
		{
			"from": [0.8, 0, 8],
			"to": [15.2, 16, 8],
			"shade": false,
			"rotation": {"angle": 0, "axis": "y", "origin": [8, 8, 8], "rescale": true},
			"faces": {
				"north": {"uv": [0, 0, 16, 16], "texture": "#plant"},
				"south": {"uv": [0, 0, 16, 16], "texture": "#plant"}
			}
		},
		{
			"from": [7.995, 16, 0.8],
			"to": [7.995, 19, 15.2],
			"shade": false,
			"rotation": {"angle": 0, "axis": "y", "origin": [8, 24, 8], "rescale": true},
			"faces": {
				"east": {"uv": [0, 13, 16, 16], "texture": "#plant"},
				"west": {"uv": [0, 13, 16, 16], "texture": "#plant"}
			}
		},
		{
			"from": [0.8, 16, 7.995],
			"to": [15.2, 19, 7.995],
			"shade": false,
			"rotation": {"angle": 0, "axis": "y", "origin": [8, 24, 8], "rescale": true},
			"faces": {
				"north": {"uv": [0, 13, 16, 16], "texture": "#plant"},
				"south": {"uv": [0, 13, 16, 16], "texture": "#plant"}
			}
		}
	]
}